NumReaders, AvgReadTime, NumReads, NumWriters, AvgWriteTime, NumWrites, MaxWriteTime
1, 34.130302, 20173678, 1, 85.81755, 11775159, 4124793
2, 37.952866, 29313288, 2, 312.8913, 9167540, 25169568
3, 63.39525, 25819265, 3, 470.9654, 10316424, 31297203
4, 77.7, 25640596, 4, 726.47986, 9459755, 28696406
5, 89.32719, 29630128, 5, 938.52435, 9369745, 28477939
