Readers, AvgReadTime, Writers, AvgWriteTime
7945143, 182.01106, 12413429, 108.36126
