NumReaders, AvgReadTime, NumReads, NumWriters, AvgWriteTime, NumWrites, MaxWriteTime
1, 77.96766, 14138902, 1, 137.98221, 8813592, 2923507
2, 149.9549, 15980718, 2, 346.18057, 8649646, 11716533
3, 260.00854, 16094748, 3, 511.9242, 9413372, 23689143
4, 458.1699, 13803733, 4, 651.00916, 10495183, 25010669
5, 484.8143, 16246193, 5, 863.8586, 10177367, 29557640
