NumReaders, AvgReadTime, NumReads, NumWriters, AvgWriteTime, NumWrites, MaxWriteTime
1, 71.810135, 14085647, 1, 64.4494, 15023165, 2315691
2, 149.69524, 17626185, 2, 164.27596, 14357920, 10236305
3, 150.37082, 24444008, 3, 313.26938, 13018972, 20743956
4, 229.51283, 24495932, 4, 541.2744, 12705410, 38931578
5, 273.88083, 23655697, 5, 918.2495, 8797589, 28673805
