NumReaders, AvgReadTime, NumReads, NumWriters, AvgWriteTime, NumWrites, MaxWriteTime
1, 89.4781, 12638862, 1, 95.437225, 11555696, 4748142
2, 295.9048, 10679330, 2, 324.74545, 9519352, 10846789
3, 405.7609, 12030659, 3, 432.88788, 10934840, 15391043
4, 537.00653, 11893470, 4, 642.4066, 9921420, 17173822
5, 670.6702, 13071530, 5, 741.53625, 11634913, 28733892
