Readers, AvgReadTime, Writers, AvgWriteTime
9963361, 115.657135, 10300962, 118.40701
